,index,tweet_id,in_reply_to_status_id,in_reply_to_user_id,timestamp,source,text,retweeted_status_id,retweeted_status_user_id,retweeted_status_timestamp,expanded_urls,rating_numerator,rating_denominator,name,doggo,floofer,pupper,puppo,tweet_content
0,22,8.87517E+17,,,2017-07-19 03:39:09 +0000,"<a href=""http://twitter.com/download/iphone"" rel=""nofollow"">Twitter for iPhone</a>",I've yet to rate a Venezuelan Hover Wiener. This is such an honor. 14/10 paw-inspiring af (IG: roxy.thedoxy) https://t.co/20VrLAA8ba,,,,https://twitter.com/dog_rates/status/887517139158093824/video/1,14,10,such,None,None,None,None,I've yet to rate a Venezuelan Hover Wiener. This is such an honor. 14/10 paw-inspiring af (IG: roxy.thedoxy) https://t.co/20VrLAA8ba
1,56,8.81536E+17,,,2017-07-02 15:32:16 +0000,"<a href=""http://twitter.com/download/iphone"" rel=""nofollow"">Twitter for iPhone</a>","Here is a pupper approaching maximum borkdrive. Zooming at never before seen speeds. 14/10 paw-inspiring af 
(IG: puffie_the_chow) https://t.co/ghXBIIeQZF",,,,https://twitter.com/dog_rates/status/881536004380872706/video/1,14,10,a,None,None,pupper,None,"Here is a pupper approaching maximum borkdrive. Zooming at never before seen speeds. 14/10 paw-inspiring af 
(IG: puffie_the_chow) https://t.co/ghXBIIeQZF"
2,118,8.69989E+17,,,2017-05-31 18:47:24 +0000,"<a href=""http://twitter.com/download/iphone"" rel=""nofollow"">Twitter for iPhone</a>",RT @dog_rates: We only rate dogs. This is quite clearly a smol broken polar bear. We'd appreciate if you only send dogs. Thank you... 12/10‚Ä¶,8.59E+17,4196983835,2017-05-02 00:04:57 +0000,https://twitter.com/dog_rates/status/859196978902773760/video/1,12,10,quite,None,None,None,None,
3,169,8.59197E+17,,,2017-05-02 00:04:57 +0000,"<a href=""http://twitter.com/download/iphone"" rel=""nofollow"">Twitter for iPhone</a>",We only rate dogs. This is quite clearly a smol broken polar bear. We'd appreciate if you only send dogs. Thank you... 12/10 https://t.co/g2nSyGenG9,,,,https://twitter.com/dog_rates/status/859196978902773760/video/1,12,10,quite,None,None,None,None,We only rate dogs. This is quite clearly a smol broken polar bear. We'd appreciate if you only send dogs. Thank you... 12/10 https://t.co/g2nSyGenG9
4,193,8.55459E+17,,,2017-04-21 16:33:22 +0000,"<a href=""http://twitter.com/download/iphone"" rel=""nofollow"">Twitter for iPhone</a>","Guys, we only rate dogs. This is quite clearly a bulbasaur. Please only send dogs. Thank you... 12/10 human used pet, it's super effective https://t.co/Xc7uj1C64x",,,,"https://twitter.com/dog_rates/status/855459453768019968/photo/1,https://twitter.com/dog_rates/status/855459453768019968/photo/1",12,10,quite,None,None,None,None,"Guys, we only rate dogs. This is quite clearly a bulbasaur. Please only send dogs. Thank you... 12/10 human used pet, it's super effective https://t.co/Xc7uj1C64x"
5,335,8.32646E+17,,,2017-02-17 17:38:57 +0000,"<a href=""http://twitter.com"" rel=""nofollow"">Twitter Web Client</a>","There's going to be a dog terminal at JFK Airport. This is not a drill. 10/10  
https://t.co/dp5h9bCwU7",,,,http://us.blastingnews.com/news/2017/02/jfk-announces-its-first-ever-ark-oasis-animal-terminal-001480161.html?sbdht=_pM1QUzk3wsdTxcmMoRPV7FWYYlsNKcFRcYSY7OmeHnOXA4NtUM6PLQ2_,10,10,not,None,None,None,None,"There's going to be a dog terminal at JFK Airport. This is not a drill. 10/10  
https://t.co/dp5h9bCwU7"
6,369,8.2865E+17,,,2017-02-06 17:02:17 +0000,"<a href=""http://twitter.com/download/iphone"" rel=""nofollow"">Twitter for iPhone</a>","Occasionally, we're sent fantastic stories. This is one of them. 14/10 for Grace https://t.co/bZ4axuH6OK",,,,"https://twitter.com/dog_rates/status/828650029636317184/photo/1,https://twitter.com/dog_rates/status/828650029636317184/photo/1,https://twitter.com/dog_rates/status/828650029636317184/photo/1",14,10,one,None,None,None,None,"Occasionally, we're sent fantastic stories. This is one of them. 14/10 for Grace https://t.co/bZ4axuH6OK"
7,542,8.06219E+17,,,2016-12-06 19:29:28 +0000,"<a href=""http://twitter.com/download/iphone"" rel=""nofollow"">Twitter for iPhone</a>",We only rate dogs. Please stop sending in non-canines like this Freudian Poof Lion. This is incredibly frustrating... 11/10 https://t.co/IZidSrBvhi,,,,https://twitter.com/dog_rates/status/806219024703037440/photo/1,11,10,incredibly,None,None,None,None,We only rate dogs. Please stop sending in non-canines like this Freudian Poof Lion. This is incredibly frustrating... 11/10 https://t.co/IZidSrBvhi
8,649,7.92913E+17,,,2016-10-31 02:17:31 +0000,"<a href=""http://twitter.com/download/iphone"" rel=""nofollow"">Twitter for iPhone</a>",Here is a perfect example of someone who has their priorities in order. 13/10 for both owner and Forrest https://t.co/LRyMrU7Wfq,,,,"https://twitter.com/dog_rates/status/792913359805018113/photo/1,https://twitter.com/dog_rates/status/792913359805018113/photo/1,https://twitter.com/dog_rates/status/792913359805018113/photo/1,https://twitter.com/dog_rates/status/792913359805018113/photo/1",13,10,a,None,None,None,None,Here is a perfect example of someone who has their priorities in order. 13/10 for both owner and Forrest https://t.co/LRyMrU7Wfq
9,682,7.88553E+17,,,2016-10-19 01:29:35 +0000,"<a href=""http://twitter.com/download/iphone"" rel=""nofollow"">Twitter for iPhone</a>",RT @dog_rates: Say hello to mad pupper. You know what you did. 13/10 would pet until no longer furustrated https://t.co/u1ulQ5heLX,7.36E+17,4196983835,2016-05-28 03:04:00 +0000,"https://vine.co/v/iEggaEOiLO3,https://vine.co/v/iEggaEOiLO3",13,10,mad,None,None,pupper,None,RT @dog_rates: Say hello to mad pupper. You know what you did. 13/10 would pet until no longer furustrated https://t.co/u1ulQ5heLX
10,759,7.78397E+17,,,2016-09-21 00:53:04 +0000,"<a href=""http://twitter.com/download/iphone"" rel=""nofollow"">Twitter for iPhone</a>",RT @dog_rates: This is an East African Chalupa Seal. We only rate dogs. Please only send in dogs. Thank you... 10/10 https://t.co/iHe6liLwWR,7.03E+17,4196983835,2016-02-26 02:20:37 +0000,"https://twitter.com/dog_rates/status/703041949650034688/photo/1,https://twitter.com/dog_rates/status/703041949650034688/photo/1",10,10,an,None,None,None,None,RT @dog_rates: This is an East African Chalupa Seal. We only rate dogs. Please only send in dogs. Thank you... 10/10 https://t.co/iHe6liLwWR
11,773,7.7625E+17,,,2016-09-15 02:42:54 +0000,"<a href=""http://twitter.com/download/iphone"" rel=""nofollow"">Twitter for iPhone</a>",RT @dog_rates: We only rate dogs. Pls stop sending in non-canines like this Mongolian grass snake. This is very frustrating. 11/10 https://‚Ä¶,7.01E+17,4196983835,2016-02-19 18:24:26 +0000,https://twitter.com/dog_rates/status/700747788515020802/photo/1,11,10,very,None,None,None,None,RT @dog_rates: We only rate dogs. Pls stop sending in non-canines like this Mongolian grass snake. This is very frustrating. 11/10 https://‚Ä¶
12,801,7.72582E+17,,,2016-09-04 23:46:12 +0000,"<a href=""http://twitter.com/download/iphone"" rel=""nofollow"">Twitter for iPhone</a>",Guys this is getting so out of hand. We only rate dogs. This is a Galapagos Speed Panda. Pls only send dogs... 10/10 https://t.co/8lpAGaZRFn,,,,"https://twitter.com/dog_rates/status/772581559778025472/photo/1,https://twitter.com/dog_rates/status/772581559778025472/photo/1,https://twitter.com/dog_rates/status/772581559778025472/photo/1",10,10,a,None,None,None,None,Guys this is getting so out of hand. We only rate dogs. This is a Galapagos Speed Panda. Pls only send dogs... 10/10 https://t.co/8lpAGaZRFn
13,819,7.70655E+17,,,2016-08-30 16:11:18 +0000,"<a href=""http://twitter.com/download/iphone"" rel=""nofollow"">Twitter for iPhone</a>",We only rate dogs. Pls stop sending in non-canines like this Arctic Floof Kangaroo. This is very frustrating. 11/10 https://t.co/qlUDuPoE3d,,,,https://twitter.com/dog_rates/status/770655142660169732/photo/1,11,10,very,None,None,None,None,We only rate dogs. Pls stop sending in non-canines like this Arctic Floof Kangaroo. This is very frustrating. 11/10 https://t.co/qlUDuPoE3d
14,822,7.70094E+17,,,2016-08-29 03:00:36 +0000,"<a href=""http://twitter.com/download/iphone"" rel=""nofollow"">Twitter for iPhone</a>",RT @dog_rates: This is just downright precious af. 12/10 for both pupper and doggo https://t.co/o5J479bZUC,7.41E+17,4196983835,2016-06-10 00:39:48 +0000,"https://twitter.com/dog_rates/status/741067306818797568/photo/1,https://twitter.com/dog_rates/status/741067306818797568/photo/1",12,10,just,doggo,None,pupper,None,RT @dog_rates: This is just downright precious af. 12/10 for both pupper and doggo https://t.co/o5J479bZUC
15,852,7.65396E+17,,,2016-08-16 03:52:26 +0000,"<a href=""http://twitter.com/download/iphone"" rel=""nofollow"">Twitter for iPhone</a>",This is my dog. Her name is Zoey. She knows I've been rating other dogs. She's not happy. 13/10 no bias at all https://t.co/ep1NkYoiwB,,,,https://twitter.com/dog_rates/status/765395769549590528/photo/1,13,10,my,None,None,None,None,This is my dog. Her name is Zoey. She knows I've been rating other dogs. She's not happy. 13/10 no bias at all https://t.co/ep1NkYoiwB
16,924,7.55207E+17,,,2016-07-19 01:04:16 +0000,"<a href=""http://twitter.com/download/iphone"" rel=""nofollow"">Twitter for iPhone</a>",This is one of the most inspirational stories I've ever come across. I have no words. 14/10 for both doggo and owner https://t.co/I5ld3eKD5k,,,,"https://twitter.com/dog_rates/status/755206590534418437/photo/1,https://twitter.com/dog_rates/status/755206590534418437/photo/1,https://twitter.com/dog_rates/status/755206590534418437/photo/1,https://twitter.com/dog_rates/status/755206590534418437/photo/1",14,10,one,doggo,None,None,None,This is one of the most inspirational stories I've ever come across. I have no words. 14/10 for both doggo and owner https://t.co/I5ld3eKD5k
17,988,7.48977E+17,,,2016-07-01 20:31:43 +0000,"<a href=""http://twitter.com/download/iphone"" rel=""nofollow"">Twitter for iPhone</a>",What jokester sent in a pic without a dog in it? This is not @rock_rates. This is @dog_rates. Thank you ...10/10 https://t.co/nDPaYHrtNX,,,,https://twitter.com/dog_rates/status/748977405889503236/photo/1,10,10,not,None,None,None,None,What jokester sent in a pic without a dog in it? This is not @rock_rates. This is @dog_rates. Thank you ...10/10 https://t.co/nDPaYHrtNX
18,992,7.48693E+17,,,2016-07-01 01:40:41 +0000,"<a href=""http://twitter.com/download/iphone"" rel=""nofollow"">Twitter for iPhone</a>",That is Quizno. This is his beach. He does not tolerate human shenanigans on his beach. 10/10 reclaim ur land doggo https://t.co/vdr7DaRSa7,,,,https://twitter.com/dog_rates/status/748692773788876800/photo/1,10,10,his,doggo,None,None,None,That is Quizno. This is his beach. He does not tolerate human shenanigans on his beach. 10/10 reclaim ur land doggo https://t.co/vdr7DaRSa7
19,993,7.48576E+17,,,2016-06-30 17:54:50 +0000,"<a href=""http://twitter.com/download/iphone"" rel=""nofollow"">Twitter for iPhone</a>",This is one of the most reckless puppers I've ever seen. How she got a license in the first place is beyond me. 6/10 https://t.co/z5bAdtn9kd,,,,https://twitter.com/dog_rates/status/748575535303884801/photo/1,6,10,one,None,None,None,None,This is one of the most reckless puppers I've ever seen. How she got a license in the first place is beyond me. 6/10 https://t.co/z5bAdtn9kd
20,1002,7.47886E+17,,,2016-06-28 20:14:22 +0000,"<a href=""http://twitter.com/download/iphone"" rel=""nofollow"">Twitter for iPhone</a>",This is a mighty rare blue-tailed hammer sherk. Human almost lost a limb trying to take these. Be careful guys. 8/10 https://t.co/TGenMeXreW,,,,"https://twitter.com/dog_rates/status/747885874273214464/photo/1,https://twitter.com/dog_rates/status/747885874273214464/photo/1",8,10,a,None,None,None,None,This is a mighty rare blue-tailed hammer sherk. Human almost lost a limb trying to take these. Be careful guys. 8/10 https://t.co/TGenMeXreW
21,1004,7.47817E+17,,,2016-06-28 15:40:07 +0000,"<a href=""http://twitter.com/download/iphone"" rel=""nofollow"">Twitter for iPhone</a>",Viewer discretion is advised. This is a terrible attack in progress. Not even in water (tragic af). 4/10 bad sherk https://t.co/L3U0j14N5R,,,,https://twitter.com/dog_rates/status/747816857231626240/photo/1,4,10,a,None,None,None,None,Viewer discretion is advised. This is a terrible attack in progress. Not even in water (tragic af). 4/10 bad sherk https://t.co/L3U0j14N5R
22,1017,7.46873E+17,,,2016-06-26 01:08:52 +0000,"<a href=""http://twitter.com/download/iphone"" rel=""nofollow"">Twitter for iPhone</a>",This is a carrot. We only rate dogs. Please only send in dogs. You all really should know this by now ...11/10 https://t.co/9e48aPrBm2,,,,"https://twitter.com/dog_rates/status/746872823977771008/photo/1,https://twitter.com/dog_rates/status/746872823977771008/photo/1",11,10,a,None,None,None,None,This is a carrot. We only rate dogs. Please only send in dogs. You all really should know this by now ...11/10 https://t.co/9e48aPrBm2
23,1025,7.46369E+17,,,2016-06-24 15:48:42 +0000,"<a href=""http://twitter.com/download/iphone"" rel=""nofollow"">Twitter for iPhone</a>",This is an Iraqi Speed Kangaroo. It is not a dog. Please only send in dogs. I'm very angry with all of you ...9/10 https://t.co/5qpBTTpgUt,,,,https://twitter.com/dog_rates/status/746369468511756288/photo/1,9,10,an,None,None,None,None,This is an Iraqi Speed Kangaroo. It is not a dog. Please only send in dogs. I'm very angry with all of you ...9/10 https://t.co/5qpBTTpgUt
24,1031,7.45423E+17,,,2016-06-22 01:06:43 +0000,"<a href=""http://twitter.com/download/iphone"" rel=""nofollow"">Twitter for iPhone</a>",We only rate dogs. Pls stop sending in non-canines like this Jamaican Flop Seal. This is very very frustrating. 9/10 https://t.co/nc53zEN0hZ,,,,https://twitter.com/dog_rates/status/745422732645535745/photo/1,9,10,very,None,None,None,None,We only rate dogs. Pls stop sending in non-canines like this Jamaican Flop Seal. This is very very frustrating. 9/10 https://t.co/nc53zEN0hZ
25,1040,7.44223E+17,,,2016-06-18 17:41:06 +0000,"<a href=""http://twitter.com/download/iphone"" rel=""nofollow"">Twitter for iPhone</a>","This is actually a pupper and I'd pet it so well. 12/10
https://t.co/RNqS7C4Y4N",,,,https://twitter.com/strange_animals/status/672108316018024452,12,10,actually,None,None,pupper,None,"This is actually a pupper and I'd pet it so well. 12/10
https://t.co/RNqS7C4Y4N"
26,1049,7.43223E+17,,,2016-06-15 23:24:09 +0000,"<a href=""http://twitter.com/download/iphone"" rel=""nofollow"">Twitter for iPhone</a>",This is a very rare Great Alaskan Bush Pupper. Hard to stumble upon without spooking. 12/10 would pet passionately https://t.co/xOBKCdpzaa,,,,https://twitter.com/dog_rates/status/743222593470234624/photo/1,12,10,a,None,None,pupper,None,This is a very rare Great Alaskan Bush Pupper. Hard to stumble upon without spooking. 12/10 would pet passionately https://t.co/xOBKCdpzaa
27,1063,7.41067E+17,,,2016-06-10 00:39:48 +0000,"<a href=""http://twitter.com/download/iphone"" rel=""nofollow"">Twitter for iPhone</a>",This is just downright precious af. 12/10 for both pupper and doggo https://t.co/o5J479bZUC,,,,https://twitter.com/dog_rates/status/741067306818797568/photo/1,12,10,just,doggo,None,pupper,None,This is just downright precious af. 12/10 for both pupper and doggo https://t.co/o5J479bZUC
28,1071,7.40214E+17,,,2016-06-07 16:09:13 +0000,"<a href=""http://twitter.com/download/iphone"" rel=""nofollow"">Twitter for iPhone</a>",This is getting incredibly frustrating. This is a Mexican Golden Beaver. We only rate dogs. Only send dogs ...10/10 https://t.co/0yolOOyD3X,,,,https://twitter.com/dog_rates/status/740214038584557568/photo/1,10,10,getting,None,None,None,None,This is getting incredibly frustrating. This is a Mexican Golden Beaver. We only rate dogs. Only send dogs ...10/10 https://t.co/0yolOOyD3X
29,1095,7.36393E+17,,,2016-05-28 03:04:00 +0000,"<a href=""http://vine.co"" rel=""nofollow"">Vine - Make a Scene</a>",Say hello to mad pupper. You know what you did. 13/10 would pet until no longer furustrated https://t.co/u1ulQ5heLX,,,,https://vine.co/v/iEggaEOiLO3,13,10,mad,None,None,pupper,None,Say hello to mad pupper. You know what you did. 13/10 would pet until no longer furustrated https://t.co/u1ulQ5heLX
30,1097,7.36225E+17,,,2016-05-27 15:58:54 +0000,"<a href=""http://twitter.com/download/iphone"" rel=""nofollow"">Twitter for iPhone</a>",We only rate dogs. Please stop sending in non-canines like this Alaskan Flop Turtle. This is very frustrating. 10/10 https://t.co/qXteK6Atxc,,,,https://twitter.com/dog_rates/status/736225175608430592/photo/1,10,10,very,None,None,None,None,We only rate dogs. Please stop sending in non-canines like this Alaskan Flop Turtle. This is very frustrating. 10/10 https://t.co/qXteK6Atxc
31,1120,7.31156E+17,,,2016-05-13 16:15:54 +0000,"<a href=""http://twitter.com/download/iphone"" rel=""nofollow"">Twitter for iPhone</a>",Say hello to this unbelievably well behaved squad of doggos. 204/170 would try to pet all at once https://t.co/yGQI3He3xv,,,,https://twitter.com/dog_rates/status/731156023742988288/photo/1,204,170,this,None,None,None,None,Say hello to this unbelievably well behaved squad of doggos. 204/170 would try to pet all at once https://t.co/yGQI3He3xv
32,1121,7.30925E+17,,,2016-05-13 00:56:32 +0000,"<a href=""http://twitter.com/download/iphone"" rel=""nofollow"">Twitter for iPhone</a>",We only rate dogs. Pls stop sending non-canines like this Bulgarian Eyeless Porch Bear. This is unacceptable... 9/10 https://t.co/2yctWAUZ3Z,,,,https://twitter.com/dog_rates/status/730924654643314689/photo/1,9,10,unacceptable,None,None,None,None,We only rate dogs. Pls stop sending non-canines like this Bulgarian Eyeless Porch Bear. This is unacceptable... 9/10 https://t.co/2yctWAUZ3Z
33,1138,7.28035E+17,,,2016-05-05 01:35:26 +0000,"<a href=""http://twitter.com/download/iphone"" rel=""nofollow"">Twitter for iPhone</a>",This is all I want in my life. 12/10 for super sleepy pupper https://t.co/4RlLA5ObMh,,,,"https://twitter.com/dog_rates/status/728035342121635841/photo/1,https://twitter.com/dog_rates/status/728035342121635841/photo/1",12,10,all,None,None,pupper,None,This is all I want in my life. 12/10 for super sleepy pupper https://t.co/4RlLA5ObMh
34,1193,7.17538E+17,,,2016-04-06 02:21:30 +0000,"<a href=""http://twitter.com/download/iphone"" rel=""nofollow"">Twitter for iPhone</a>",People please. This is a Deadly Mediterranean Plop T-Rex. We only rate dogs. Only send in dogs. Thanks you... 11/10 https://t.co/2ATDsgHD4n,,,,https://twitter.com/dog_rates/status/717537687239008257/photo/1,11,10,a,None,None,None,None,People please. This is a Deadly Mediterranean Plop T-Rex. We only rate dogs. Only send in dogs. Thanks you... 11/10 https://t.co/2ATDsgHD4n
35,1206,7.15758E+17,,,2016-04-01 04:30:16 +0000,"<a href=""http://vine.co"" rel=""nofollow"">Vine - Make a Scene</a>",This is old now but it's absolutely heckin fantastic and I can't not share it with you all. 13/10  https://t.co/wJX74TSgzP,,,,https://vine.co/v/hYdLVKDpAFu,13,10,old,None,None,None,None,This is old now but it's absolutely heckin fantastic and I can't not share it with you all. 13/10  https://t.co/wJX74TSgzP
36,1207,7.15733E+17,,,2016-04-01 02:51:22 +0000,"<a href=""http://twitter.com/download/iphone"" rel=""nofollow"">Twitter for iPhone</a>",This is a taco. We only rate dogs. Please only send in dogs. Dogs are what we rate. Not tacos. Thank you... 10/10 https://t.co/cxl6xGY8B9,,,,https://twitter.com/dog_rates/status/715733265223708672/photo/1,10,10,a,None,None,None,None,This is a taco. We only rate dogs. Please only send in dogs. Dogs are what we rate. Not tacos. Thank you... 10/10 https://t.co/cxl6xGY8B9
37,1259,7.10272E+17,,,2016-03-17 01:11:26 +0000,"<a href=""http://twitter.com/download/iphone"" rel=""nofollow"">Twitter for iPhone</a>",We üëèüèª only üëèüèª rate üëèüèª dogs. Pls stop sending in non-canines like this Dutch Panda Worm. This is infuriating. 11/10 https://t.co/odfLzBonG2,,,,https://twitter.com/dog_rates/status/710272297844797440/photo/1,11,10,infuriating,None,None,None,None,We üëèüèª only üëèüèª rate üëèüèª dogs. Pls stop sending in non-canines like this Dutch Panda Worm. This is infuriating. 11/10 https://t.co/odfLzBonG2
38,1340,7.0486E+17,,,2016-03-02 02:43:09 +0000,"<a href=""http://twitter.com/download/iphone"" rel=""nofollow"">Twitter for iPhone</a>",Here is a heartbreaking scene of an incredible pupper being laid to rest. 10/10 RIP pupper https://t.co/81mvJ0rGRu,,,,https://twitter.com/dog_rates/status/704859558691414016/photo/1,10,10,a,None,None,pupper,None,Here is a heartbreaking scene of an incredible pupper being laid to rest. 10/10 RIP pupper https://t.co/81mvJ0rGRu
39,1351,7.04055E+17,,,2016-02-28 21:25:30 +0000,"<a href=""http://twitter.com/download/iphone"" rel=""nofollow"">Twitter for iPhone</a>",Here is a whole flock of puppers.  60/50 I'll take the lot https://t.co/9dpcw6MdWa,,,,https://twitter.com/dog_rates/status/704054845121142784/photo/1,60,50,a,None,None,None,None,Here is a whole flock of puppers.  60/50 I'll take the lot https://t.co/9dpcw6MdWa
40,1361,7.03079E+17,,,2016-02-26 04:48:02 +0000,"<a href=""http://twitter.com/download/iphone"" rel=""nofollow"">Twitter for iPhone</a>",This is a Butternut Cumberfloof. It's not windy they just look like that. 11/10 back at it again with the red socks https://t.co/hMjzhdUHaW,,,,"https://twitter.com/dog_rates/status/703079050210877440/photo/1,https://twitter.com/dog_rates/status/703079050210877440/photo/1",11,10,a,None,None,None,None,This is a Butternut Cumberfloof. It's not windy they just look like that. 11/10 back at it again with the red socks https://t.co/hMjzhdUHaW
41,1362,7.03042E+17,,,2016-02-26 02:20:37 +0000,"<a href=""http://twitter.com/download/iphone"" rel=""nofollow"">Twitter for iPhone</a>",This is an East African Chalupa Seal. We only rate dogs. Please only send in dogs. Thank you... 10/10 https://t.co/iHe6liLwWR,,,,https://twitter.com/dog_rates/status/703041949650034688/photo/1,10,10,an,None,None,None,None,This is an East African Chalupa Seal. We only rate dogs. Please only send in dogs. Thank you... 10/10 https://t.co/iHe6liLwWR
42,1368,7.0254E+17,,,2016-02-24 17:04:07 +0000,"<a href=""http://twitter.com/download/iphone"" rel=""nofollow"">Twitter for iPhone</a>",This is a Wild Tuscan Poofwiggle. Careful not to startle. Rare tongue slip. One eye magical. 12/10 would def pet https://t.co/4EnShAQjv6,,,,"https://twitter.com/dog_rates/status/702539513671897089/photo/1,https://twitter.com/dog_rates/status/702539513671897089/photo/1,https://twitter.com/dog_rates/status/702539513671897089/photo/1",12,10,a,None,None,None,None,This is a Wild Tuscan Poofwiggle. Careful not to startle. Rare tongue slip. One eye magical. 12/10 would def pet https://t.co/4EnShAQjv6
43,1382,7.00864E+17,,,2016-02-20 02:06:50 +0000,"<a href=""http://twitter.com/download/iphone"" rel=""nofollow"">Twitter for iPhone</a>","""Pupper is a present to world. Here is a bow for pupper."" 12/10 precious as hell https://t.co/ItSsE92gCW",,,,https://twitter.com/dog_rates/status/700864154249383937/photo/1,12,10,a,None,None,pupper,None,"""Pupper is a present to world. Here is a bow for pupper."" 12/10 precious as hell https://t.co/ItSsE92gCW"
44,1385,7.00748E+17,,,2016-02-19 18:24:26 +0000,"<a href=""http://twitter.com/download/iphone"" rel=""nofollow"">Twitter for iPhone</a>",We only rate dogs. Pls stop sending in non-canines like this Mongolian grass snake. This is very frustrating. 11/10 https://t.co/22x9SbCYCU,,,,https://twitter.com/dog_rates/status/700747788515020802/photo/1,11,10,very,None,None,None,None,We only rate dogs. Pls stop sending in non-canines like this Mongolian grass snake. This is very frustrating. 11/10 https://t.co/22x9SbCYCU
45,1435,6.97259E+17,,,2016-02-10 03:22:44 +0000,"<a href=""http://twitter.com/download/iphone"" rel=""nofollow"">Twitter for iPhone</a>","Please stop sending in saber-toothed tigers. This is getting ridiculous. We only rate dogs.
...8/10 https://t.co/iAeQNueou8",,,,https://twitter.com/dog_rates/status/697259378236399616/photo/1,8,10,getting,None,None,None,None,"Please stop sending in saber-toothed tigers. This is getting ridiculous. We only rate dogs.
...8/10 https://t.co/iAeQNueou8"
46,1457,6.95095E+17,,,2016-02-04 04:03:57 +0000,"<a href=""http://twitter.com/download/iphone"" rel=""nofollow"">Twitter for iPhone</a>",This is just a beautiful pupper good shit evolution. 12/10 https://t.co/2L8pI0Z2Ib,,,,https://twitter.com/dog_rates/status/695095422348574720/photo/1,12,10,just,None,None,pupper,None,This is just a beautiful pupper good shit evolution. 12/10 https://t.co/2L8pI0Z2Ib
47,1499,6.92187E+17,,,2016-01-27 03:26:56 +0000,"<a href=""http://twitter.com/download/iphone"" rel=""nofollow"">Twitter for iPhone</a>",This is a rare Arctic Wubberfloof. Unamused by the happenings. No longer has the appetites. 12/10 would totally hug https://t.co/krvbacIX0N,,,,"https://twitter.com/dog_rates/status/692187005137076224/photo/1,https://twitter.com/dog_rates/status/692187005137076224/photo/1,https://twitter.com/dog_rates/status/692187005137076224/photo/1",12,10,a,None,None,None,None,This is a rare Arctic Wubberfloof. Unamused by the happenings. No longer has the appetites. 12/10 would totally hug https://t.co/krvbacIX0N
48,1527,6.9036E+17,,,2016-01-22 02:28:52 +0000,"<a href=""http://twitter.com/download/iphone"" rel=""nofollow"">Twitter for iPhone</a>",Stop sending in lobsters. This is the final warning. We only rate dogs. Thank you... 9/10 https://t.co/B9ZXXKJYNx,,,,https://twitter.com/dog_rates/status/690360449368465409/photo/1,9,10,the,None,None,None,None,Stop sending in lobsters. This is the final warning. We only rate dogs. Thank you... 9/10 https://t.co/B9ZXXKJYNx
49,1603,6.85944E+17,,,2016-01-09 21:58:42 +0000,"<a href=""http://twitter.com/download/iphone"" rel=""nofollow"">Twitter for iPhone</a>",This is the newly formed pupper a capella group. They're just starting out but I see tons of potential. 8/10 for all https://t.co/wbAcvFoNtn,,,,https://twitter.com/dog_rates/status/685943807276412928/video/1,8,10,the,None,None,pupper,None,This is the newly formed pupper a capella group. They're just starting out but I see tons of potential. 8/10 for all https://t.co/wbAcvFoNtn
50,1693,6.81297E+17,,,2015-12-28 02:15:26 +0000,"<a href=""http://twitter.com/download/iphone"" rel=""nofollow"">Twitter for iPhone</a>","This is actually a lion. We only rate dogs. For the last time please only send dogs. Thank u.
12/10 would still pet https://t.co/Pp26dMQxap",,,,https://twitter.com/dog_rates/status/681297372102656000/photo/1,12,10,actually,None,None,None,None,"This is actually a lion. We only rate dogs. For the last time please only send dogs. Thank u.
12/10 would still pet https://t.co/Pp26dMQxap"
51,1724,6.80086E+17,,,2015-12-24 18:00:19 +0000,"<a href=""https://about.twitter.com/products/tweetdeck"" rel=""nofollow"">TweetDeck</a>",This is by far the most coordinated series of pictures I was sent. Downright impressive in every way. 12/10 for all https://t.co/etzLo3sdZE,,,,"https://twitter.com/dog_rates/status/680085611152338944/photo/1,https://twitter.com/dog_rates/status/680085611152338944/photo/1,https://twitter.com/dog_rates/status/680085611152338944/photo/1",12,10,by,None,None,None,None,This is by far the most coordinated series of pictures I was sent. Downright impressive in every way. 12/10 for all https://t.co/etzLo3sdZE
52,1737,6.7953E+17,,,2015-12-23 05:13:38 +0000,"<a href=""http://twitter.com/download/iphone"" rel=""nofollow"">Twitter for iPhone</a>",Guys this really needs to stop. We've been over this way too many times. This is a giraffe. We only rate dogs.. 7/10 https://t.co/yavgkHYPOC,,,,https://twitter.com/dog_rates/status/679530280114372609/photo/1,7,10,a,None,None,None,None,Guys this really needs to stop. We've been over this way too many times. This is a giraffe. We only rate dogs.. 7/10 https://t.co/yavgkHYPOC
53,1747,6.79111E+17,,,2015-12-22 01:28:25 +0000,"<a href=""http://twitter.com/download/iphone"" rel=""nofollow"">Twitter for iPhone</a>",This is officially the greatest yawn of all time. 12/10 https://t.co/4R0Cc0sLVE,,,,https://twitter.com/dog_rates/status/679111216690831360/video/1,12,10,officially,None,None,None,None,This is officially the greatest yawn of all time. 12/10 https://t.co/4R0Cc0sLVE
54,1785,6.77644E+17,,,2015-12-18 00:18:36 +0000,"<a href=""http://twitter.com/download/iphone"" rel=""nofollow"">Twitter for iPhone</a>",This is a dog swinging. I really enjoyed it so I hope you all do as well. 11/10 https://t.co/Ozo9KHTRND,,,,https://twitter.com/dog_rates/status/677644091929329666/video/1,11,10,a,None,None,None,None,This is a dog swinging. I really enjoyed it so I hope you all do as well. 11/10 https://t.co/Ozo9KHTRND
55,1797,6.77269E+17,,,2015-12-16 23:29:14 +0000,"<a href=""http://twitter.com/download/iphone"" rel=""nofollow"">Twitter for iPhone</a>",This is the happiest pupper I've ever seen. 10/10 would trade lives with https://t.co/ep8ATEJwRb,,,,https://twitter.com/dog_rates/status/677269281705472000/photo/1,10,10,the,None,None,pupper,None,This is the happiest pupper I've ever seen. 10/10 would trade lives with https://t.co/ep8ATEJwRb
56,1815,6.76614E+17,,,2015-12-15 04:05:01 +0000,"<a href=""http://twitter.com/download/iphone"" rel=""nofollow"">Twitter for iPhone</a>",This is the saddest/sweetest/best picture I've been sent. 12/10 üò¢üê∂ https://t.co/vQ2Lw1BLBF,,,,https://twitter.com/dog_rates/status/676613908052996102/photo/1,12,10,the,None,None,None,None,This is the saddest/sweetest/best picture I've been sent. 12/10 üò¢üê∂ https://t.co/vQ2Lw1BLBF
57,1853,6.75707E+17,,,2015-12-12 15:59:51 +0000,"<a href=""http://twitter.com/download/iphone"" rel=""nofollow"">Twitter for iPhone</a>",This is a Sizzlin Menorah spaniel from Brooklyn named Wylie. Lovable eyes. Chiller as hell. 10/10 and I'm out.. poof https://t.co/7E0AiJXPmI,,,,https://twitter.com/dog_rates/status/675706639471788032/photo/1,10,10,a,None,None,None,None,This is a Sizzlin Menorah spaniel from Brooklyn named Wylie. Lovable eyes. Chiller as hell. 10/10 and I'm out.. poof https://t.co/7E0AiJXPmI
58,1854,6.75534E+17,,,2015-12-12 04:35:48 +0000,"<a href=""http://twitter.com/download/iphone"" rel=""nofollow"">Twitter for iPhone</a>",Seriously guys?! Only send in dogs. I only rate dogs. This is a baby black bear... 11/10 https://t.co/H7kpabTfLj,,,,https://twitter.com/dog_rates/status/675534494439489536/photo/1,11,10,a,None,None,None,None,Seriously guys?! Only send in dogs. I only rate dogs. This is a baby black bear... 11/10 https://t.co/H7kpabTfLj
59,1877,6.75109E+17,,,2015-12-11 00:26:12 +0000,"<a href=""http://twitter.com/download/iphone"" rel=""nofollow"">Twitter for iPhone</a>",C'mon guys. We've been over this. We only rate dogs. This is a cow. Please only submit dogs. Thank you...... 9/10 https://t.co/WjcELNEqN2,,,,https://twitter.com/dog_rates/status/675109292475830276/photo/1,9,10,a,None,None,None,None,C'mon guys. We've been over this. We only rate dogs. This is a cow. Please only submit dogs. Thank you...... 9/10 https://t.co/WjcELNEqN2
60,1878,6.75047E+17,,,2015-12-10 20:19:52 +0000,"<a href=""http://twitter.com/download/iphone"" rel=""nofollow"">Twitter for iPhone</a>",This is a fluffy albino Bacardi Columbia mix. Excellent at the tweets. 11/10 would hug gently https://t.co/diboDRUuEI,,,,https://twitter.com/dog_rates/status/675047298674663426/photo/1,11,10,a,None,None,None,None,This is a fluffy albino Bacardi Columbia mix. Excellent at the tweets. 11/10 would hug gently https://t.co/diboDRUuEI
61,1916,6.74307E+17,,,2015-12-08 19:19:32 +0000,"<a href=""http://vine.co"" rel=""nofollow"">Vine - Make a Scene</a>",This is life-changing. 12/10 https://t.co/SroTpI6psB,,,,https://vine.co/v/i7nWzrenw5h,12,10,life,None,None,None,None,This is life-changing. 12/10 https://t.co/SroTpI6psB
62,1923,6.74083E+17,,,2015-12-08 04:27:30 +0000,"<a href=""http://twitter.com/download/iphone"" rel=""nofollow"">Twitter for iPhone</a>",This is a Sagitariot Baklava mix. Loves her new hat. 11/10 radiant pup https://t.co/Bko5kFJYUU,,,,https://twitter.com/dog_rates/status/674082852460433408/photo/1,11,10,a,None,None,None,None,This is a Sagitariot Baklava mix. Loves her new hat. 11/10 radiant pup https://t.co/Bko5kFJYUU
63,1936,6.73957E+17,,,2015-12-07 20:07:04 +0000,"<a href=""http://twitter.com/download/iphone"" rel=""nofollow"">Twitter for iPhone</a>",This is one esteemed pupper. Just graduated college. 10/10 what a champ https://t.co/nyReCVRiyd,,,,https://twitter.com/dog_rates/status/673956914389192708/photo/1,10,10,one,None,None,pupper,None,This is one esteemed pupper. Just graduated college. 10/10 what a champ https://t.co/nyReCVRiyd
64,1941,6.73716E+17,,,2015-12-07 04:09:13 +0000,"<a href=""http://twitter.com/download/iphone"" rel=""nofollow"">Twitter for iPhone</a>",This is a heavily opinionated dog. Loves walls. Nobody knows how the hair works. Always ready for a kiss. 4/10 https://t.co/dFiaKZ9cDl,,,,https://twitter.com/dog_rates/status/673715861853720576/photo/1,4,10,a,None,None,None,None,This is a heavily opinionated dog. Loves walls. Nobody knows how the hair works. Always ready for a kiss. 4/10 https://t.co/dFiaKZ9cDl
65,1955,6.73637E+17,,,2015-12-06 22:54:44 +0000,"<a href=""http://twitter.com/download/iphone"" rel=""nofollow"">Twitter for iPhone</a>",This is a Lofted Aphrodisiac Terrier named Kip. Big fan of bed n breakfasts. Fits perfectly. 10/10 would pet firmly https://t.co/gKlLpNzIl3,,,,https://twitter.com/dog_rates/status/673636718965334016/photo/1,10,10,a,None,None,None,None,This is a Lofted Aphrodisiac Terrier named Kip. Big fan of bed n breakfasts. Fits perfectly. 10/10 would pet firmly https://t.co/gKlLpNzIl3
66,1994,6.72604E+17,,,2015-12-04 02:31:10 +0000,"<a href=""http://twitter.com/download/iphone"" rel=""nofollow"">Twitter for iPhone</a>",This is a baby Rand Paul. Curls for days. 11/10 would cuddle the hell out of https://t.co/xHXNaPAYRe,,,,https://twitter.com/dog_rates/status/672604026190569472/photo/1,11,10,a,None,None,None,None,This is a baby Rand Paul. Curls for days. 11/10 would cuddle the hell out of https://t.co/xHXNaPAYRe
67,2001,6.72483E+17,,,2015-12-03 18:29:09 +0000,"<a href=""http://twitter.com/download/iphone"" rel=""nofollow"">Twitter for iPhone</a>",This is light saber pup. Ready to fight off evil with light saber. 10/10 true hero https://t.co/LPPa3btIIt,,,,https://twitter.com/dog_rates/status/672482722825261057/photo/1,10,10,light,None,None,None,None,This is light saber pup. Ready to fight off evil with light saber. 10/10 true hero https://t.co/LPPa3btIIt
68,2019,6.72125E+17,,,2015-12-02 18:48:47 +0000,"<a href=""http://twitter.com/download/iphone"" rel=""nofollow"">Twitter for iPhone</a>",This is just impressive I have nothing else to say. 11/10 https://t.co/LquQZiZjJP,,,,https://twitter.com/dog_rates/status/672125275208069120/photo/1,11,10,just,None,None,None,None,This is just impressive I have nothing else to say. 11/10 https://t.co/LquQZiZjJP
69,2030,6.7179E+17,,,2015-12-01 20:35:22 +0000,"<a href=""http://twitter.com/download/iphone"" rel=""nofollow"">Twitter for iPhone</a>",This is space pup. He's very confused. Tries to moonwalk at one point. Super spiffy uniform. 13/10 I love space pup https://t.co/SfPQ2KeLdq,,,,https://twitter.com/dog_rates/status/671789708968640512/photo/1,13,10,space,None,None,None,None,This is space pup. He's very confused. Tries to moonwalk at one point. Super spiffy uniform. 13/10 I love space pup https://t.co/SfPQ2KeLdq
70,2034,6.71743E+17,,,2015-12-01 17:30:22 +0000,"<a href=""http://twitter.com/download/iphone"" rel=""nofollow"">Twitter for iPhone</a>",This is a Tuscaloosa Alcatraz named Jacob (Yac≈çb). Loves to sit in swing. Stellar tongue. 11/10 look at his feet https://t.co/2IslQ8ZSc7,,,,https://twitter.com/dog_rates/status/671743150407421952/photo/1,11,10,a,None,None,None,None,This is a Tuscaloosa Alcatraz named Jacob (Yac≈çb). Loves to sit in swing. Stellar tongue. 11/10 look at his feet https://t.co/2IslQ8ZSc7
71,2037,6.71561E+17,,,2015-12-01 05:26:34 +0000,"<a href=""http://twitter.com/download/iphone"" rel=""nofollow"">Twitter for iPhone</a>",This is the best thing I've ever seen so spread it like wildfire &amp; maybe we'll find the genius who created it. 13/10 https://t.co/q6RsuOVYwU,,,,https://twitter.com/dog_rates/status/671561002136281088/photo/1,13,10,the,None,None,None,None,This is the best thing I've ever seen so spread it like wildfire &amp; maybe we'll find the genius who created it. 13/10 https://t.co/q6RsuOVYwU
72,2066,6.71147E+17,,,2015-11-30 02:01:49 +0000,"<a href=""http://twitter.com/download/iphone"" rel=""nofollow"">Twitter for iPhone</a>",This is a Helvetica Listerine named Rufus. This time Rufus will be ready for the UPS guy. He'll never expect it 9/10 https://t.co/34OhVhMkVr,,,,https://twitter.com/dog_rates/status/671147085991960577/photo/1,9,10,a,None,None,None,None,This is a Helvetica Listerine named Rufus. This time Rufus will be ready for the UPS guy. He'll never expect it 9/10 https://t.co/34OhVhMkVr
73,2116,6.70427E+17,,,2015-11-28 02:20:27 +0000,"<a href=""http://twitter.com/download/iphone"" rel=""nofollow"">Twitter for iPhone</a>",This is a Deciduous Trimester mix named Spork. Only 1 ear works. No seat belt. Incredibly reckless. 9/10 still cute https://t.co/CtuJoLHiDo,,,,https://twitter.com/dog_rates/status/670427002554466305/photo/1,9,10,a,None,None,None,None,This is a Deciduous Trimester mix named Spork. Only 1 ear works. No seat belt. Incredibly reckless. 9/10 still cute https://t.co/CtuJoLHiDo
74,2125,6.70362E+17,,,2015-11-27 22:01:40 +0000,"<a href=""http://twitter.com/download/iphone"" rel=""nofollow"">Twitter for iPhone</a>",This is a Rich Mahogany Seltzer named Cherokee. Just got destroyed by a snowball. Isn't very happy about it. 9/10 https://t.co/98ZBi6o4dj,,,,https://twitter.com/dog_rates/status/670361874861563904/photo/1,9,10,a,None,None,None,None,This is a Rich Mahogany Seltzer named Cherokee. Just got destroyed by a snowball. Isn't very happy about it. 9/10 https://t.co/98ZBi6o4dj
75,2128,6.70303E+17,,,2015-11-27 18:09:09 +0000,"<a href=""http://twitter.com/download/iphone"" rel=""nofollow"">Twitter for iPhone</a>",This is a Speckled Cauliflower Yosemite named Hemry. He's terrified of intruder dog. Not one bit comfortable. 9/10 https://t.co/yV3Qgjh8iN,,,,https://twitter.com/dog_rates/status/670303360680108032/photo/1,9,10,a,None,None,None,None,This is a Speckled Cauliflower Yosemite named Hemry. He's terrified of intruder dog. Not one bit comfortable. 9/10 https://t.co/yV3Qgjh8iN
76,2146,6.69923E+17,,,2015-11-26 16:59:01 +0000,"<a href=""http://twitter.com/download/iphone"" rel=""nofollow"">Twitter for iPhone</a>",This is a spotted Lipitor Rumpelstiltskin named Alphred. He can't wait for the Turkey. 10/10 would pet really well https://t.co/6GUGO7azNX,,,,https://twitter.com/dog_rates/status/669923323644657664/photo/1,10,10,a,None,None,None,None,This is a spotted Lipitor Rumpelstiltskin named Alphred. He can't wait for the Turkey. 10/10 would pet really well https://t.co/6GUGO7azNX
77,2153,6.69662E+17,,,2015-11-25 23:39:47 +0000,"<a href=""http://twitter.com/download/iphone"" rel=""nofollow"">Twitter for iPhone</a>",This is a brave dog. Excellent free climber. Trying to get closer to God. Not very loyal though. Doesn't bark. 5/10 https://t.co/ODnILTr4QM,,,,https://twitter.com/dog_rates/status/669661792646373376/photo/1,5,10,a,None,None,None,None,This is a brave dog. Excellent free climber. Trying to get closer to God. Not very loyal though. Doesn't bark. 5/10 https://t.co/ODnILTr4QM
78,2161,6.69564E+17,,,2015-11-25 17:13:02 +0000,"<a href=""http://twitter.com/download/iphone"" rel=""nofollow"">Twitter for iPhone</a>",This is a Coriander Baton Rouge named Alfredo. Loves to cuddle with smaller well-dressed dog. 10/10 would hug lots https://t.co/eCRdwouKCl,,,,https://twitter.com/dog_rates/status/669564461267722241/photo/1,10,10,a,None,None,None,None,This is a Coriander Baton Rouge named Alfredo. Loves to cuddle with smaller well-dressed dog. 10/10 would hug lots https://t.co/eCRdwouKCl
79,2191,6.68956E+17,,,2015-11-24 00:54:05 +0000,"<a href=""http://twitter.com/download/iphone"" rel=""nofollow"">Twitter for iPhone</a>",This is a Slovakian Helter Skelter Feta named Leroi. Likes to skip on roofs. Good traction. Much balance. 10/10 wow! https://t.co/Dmy2mY2Qj5,,,,https://twitter.com/dog_rates/status/668955713004314625/photo/1,10,10,a,None,None,None,None,This is a Slovakian Helter Skelter Feta named Leroi. Likes to skip on roofs. Good traction. Much balance. 10/10 wow! https://t.co/Dmy2mY2Qj5
80,2198,6.68815E+17,,,2015-11-23 15:35:39 +0000,"<a href=""http://twitter.com/download/iphone"" rel=""nofollow"">Twitter for iPhone</a>",This is a wild Toblerone from Papua New Guinea. Mouth always open. Addicted to hay. Acts blind. 7/10 handsome dog https://t.co/IGmVbz07tZ,,,,https://twitter.com/dog_rates/status/668815180734689280/photo/1,7,10,a,None,None,None,None,This is a wild Toblerone from Papua New Guinea. Mouth always open. Addicted to hay. Acts blind. 7/10 handsome dog https://t.co/IGmVbz07tZ
81,2204,6.68637E+17,,,2015-11-23 03:46:18 +0000,"<a href=""http://twitter.com/download/iphone"" rel=""nofollow"">Twitter for iPhone</a>",This is an Irish Rigatoni terrier named Berta. Completely made of rope. No eyes. Quite large. Loves to dance. 10/10 https://t.co/EM5fDykrJg,,,,https://twitter.com/dog_rates/status/668636665813057536/photo/1,10,10,an,None,None,None,None,This is an Irish Rigatoni terrier named Berta. Completely made of rope. No eyes. Quite large. Loves to dance. 10/10 https://t.co/EM5fDykrJg
82,2211,6.68615E+17,,,2015-11-23 02:19:29 +0000,"<a href=""http://twitter.com/download/iphone"" rel=""nofollow"">Twitter for iPhone</a>",Here is a horned dog. Much grace. Can jump over moons (dam!). Paws not soft. Bad at barking. 7/10 can still pet tho https://t.co/2Su7gmsnZm,,,,https://twitter.com/dog_rates/status/668614819948453888/photo/1,7,10,a,None,None,None,None,Here is a horned dog. Much grace. Can jump over moons (dam!). Paws not soft. Bad at barking. 7/10 can still pet tho https://t.co/2Su7gmsnZm
83,2212,6.68587E+17,,,2015-11-23 00:30:28 +0000,"<a href=""http://vine.co"" rel=""nofollow"">Vine - Make a Scene</a>",Never forget this vine. You will not stop watching for at least 15 minutes. This is the second coveted.. 13/10 https://t.co/roqIxCvEB3,,,,https://vine.co/v/ea0OwvPTx9l,13,10,the,None,None,None,None,Never forget this vine. You will not stop watching for at least 15 minutes. This is the second coveted.. 13/10 https://t.co/roqIxCvEB3
84,2218,6.68508E+17,,,2015-11-22 19:13:05 +0000,"<a href=""http://twitter.com/download/iphone"" rel=""nofollow"">Twitter for iPhone</a>",This is a Birmingham Quagmire named Chuk. Loves to relax and watch the game while sippin on that iced mocha. 10/10 https://t.co/HvNg9JWxFt,,,,https://twitter.com/dog_rates/status/668507509523615744/photo/1,10,10,a,None,None,None,None,This is a Birmingham Quagmire named Chuk. Loves to relax and watch the game while sippin on that iced mocha. 10/10 https://t.co/HvNg9JWxFt
85,2222,6.68467E+17,,,2015-11-22 16:31:42 +0000,"<a href=""http://twitter.com/download/iphone"" rel=""nofollow"">Twitter for iPhone</a>",Here is a mother dog caring for her pups. Snazzy red mohawk. Doesn't wag tail. Pups look confused. Overall 4/10 https://t.co/YOHe6lf09m,,,,https://twitter.com/dog_rates/status/668466899341221888/photo/1,4,10,a,None,None,None,None,Here is a mother dog caring for her pups. Snazzy red mohawk. Doesn't wag tail. Pups look confused. Overall 4/10 https://t.co/YOHe6lf09m
86,2235,6.68172E+17,,,2015-11-21 20:59:20 +0000,"<a href=""http://twitter.com/download/iphone"" rel=""nofollow"">Twitter for iPhone</a>",This is a Trans Siberian Kellogg named Alfonso. Huge ass eyeballs. Actually Dobby from Harry Potter. 7/10 https://t.co/XpseHBlAAb,,,,https://twitter.com/dog_rates/status/668171859951755264/photo/1,7,10,a,None,None,None,None,This is a Trans Siberian Kellogg named Alfonso. Huge ass eyeballs. Actually Dobby from Harry Potter. 7/10 https://t.co/XpseHBlAAb
87,2249,6.67861E+17,,,2015-11-21 00:25:26 +0000,"<a href=""http://twitter.com/download/iphone"" rel=""nofollow"">Twitter for iPhone</a>",This is a Shotokon Macadamia mix named Cheryl. Sophisticated af. Looks like a disappointed librarian. Shh (lol) 9/10 https://t.co/J4GnJ5Swba,,,,https://twitter.com/dog_rates/status/667861340749471744/photo/1,9,10,a,None,None,None,None,This is a Shotokon Macadamia mix named Cheryl. Sophisticated af. Looks like a disappointed librarian. Shh (lol) 9/10 https://t.co/J4GnJ5Swba
88,2255,6.67773E+17,,,2015-11-20 18:35:10 +0000,"<a href=""http://twitter.com"" rel=""nofollow"">Twitter Web Client</a>",This is a rare Hungarian Pinot named Jessiga. She is either mid-stroke or got stuck in the washing machine. 8/10 https://t.co/ZU0i0KJyqD,,,,https://twitter.com/dog_rates/status/667773195014021121/photo/1,8,10,a,None,None,None,None,This is a rare Hungarian Pinot named Jessiga. She is either mid-stroke or got stuck in the washing machine. 8/10 https://t.co/ZU0i0KJyqD
89,2264,6.67539E+17,,,2015-11-20 03:04:08 +0000,"<a href=""http://twitter.com"" rel=""nofollow"">Twitter Web Client</a>","This is a southwest Coriander named Klint. Hat looks expensive. Still on house arrest :(
9/10 https://t.co/IQTOMqDUIe",,,,https://twitter.com/dog_rates/status/667538891197542400/photo/1,9,10,a,None,None,None,None,"This is a southwest Coriander named Klint. Hat looks expensive. Still on house arrest :(
9/10 https://t.co/IQTOMqDUIe"
90,2273,6.67471E+17,,,2015-11-19 22:32:36 +0000,"<a href=""http://twitter.com"" rel=""nofollow"">Twitter Web Client</a>",This is a northern Wahoo named Kohl. He runs this town. Chases tumbleweeds. Draws gun wicked fast. 11/10 legendary https://t.co/J4vn2rOYFk,,,,https://twitter.com/dog_rates/status/667470559035432960/photo/1,11,10,a,None,None,None,None,This is a northern Wahoo named Kohl. He runs this town. Chases tumbleweeds. Draws gun wicked fast. 11/10 legendary https://t.co/J4vn2rOYFk
91,2287,6.67178E+17,,,2015-11-19 03:10:02 +0000,"<a href=""http://twitter.com/download/iphone"" rel=""nofollow"">Twitter for iPhone</a>",This is a Dasani Kingfisher from Maine. His name is Daryl. Daryl doesn't like being swallowed by a panda. 8/10 https://t.co/jpaeu6LNmW,,,,https://twitter.com/dog_rates/status/667177989038297088/photo/1,8,10,a,None,None,None,None,This is a Dasani Kingfisher from Maine. His name is Daryl. Daryl doesn't like being swallowed by a panda. 8/10 https://t.co/jpaeu6LNmW
92,2304,6.66984E+17,,,2015-11-18 14:18:59 +0000,"<a href=""http://twitter.com/download/iphone"" rel=""nofollow"">Twitter for iPhone</a>",This is a curly Ticonderoga named Pepe. No feet. Loves to jet ski. 11/10 would hug until forever https://t.co/cyDfaK8NBc,,,,https://twitter.com/dog_rates/status/666983947667116034/photo/1,11,10,a,None,None,None,None,This is a curly Ticonderoga named Pepe. No feet. Loves to jet ski. 11/10 would hug until forever https://t.co/cyDfaK8NBc
93,2311,6.66782E+17,,,2015-11-18 00:55:42 +0000,"<a href=""http://twitter.com/download/iphone"" rel=""nofollow"">Twitter for iPhone</a>",This is a purebred Bacardi named Octaviath. Can shoot spaghetti out of mouth. 10/10 https://t.co/uEvsGLOFHa,,,,https://twitter.com/dog_rates/status/666781792255496192/photo/1,10,10,a,None,None,None,None,This is a purebred Bacardi named Octaviath. Can shoot spaghetti out of mouth. 10/10 https://t.co/uEvsGLOFHa
94,2314,6.66701E+17,,,2015-11-17 19:35:19 +0000,"<a href=""http://twitter.com/download/iphone"" rel=""nofollow"">Twitter for iPhone</a>",This is a golden Buckminsterfullerene named Johm. Drives trucks. Lumberjack (?). Enjoys wall. 8/10 would hug softly https://t.co/uQbZJM2DQB,,,,https://twitter.com/dog_rates/status/666701168228331520/photo/1,8,10,a,None,None,None,None,This is a golden Buckminsterfullerene named Johm. Drives trucks. Lumberjack (?). Enjoys wall. 8/10 would hug softly https://t.co/uQbZJM2DQB
95,2326,6.66412E+17,,,2015-11-17 00:24:19 +0000,"<a href=""http://twitter.com/download/iphone"" rel=""nofollow"">Twitter for iPhone</a>",This is quite the dog. Gets really excited when not in water. Not very soft tho. Bad at fetch. Can't do tricks. 2/10 https://t.co/aMCTNWO94t,,,,https://twitter.com/dog_rates/status/666411507551481857/photo/1,2,10,quite,None,None,None,None,This is quite the dog. Gets really excited when not in water. Not very soft tho. Bad at fetch. Can't do tricks. 2/10 https://t.co/aMCTNWO94t
96,2327,6.66407E+17,,,2015-11-17 00:06:54 +0000,"<a href=""http://twitter.com/download/iphone"" rel=""nofollow"">Twitter for iPhone</a>",This is a southern Vesuvius bumblegruff. Can drive a truck (wow). Made friends with 5 other nifty dogs (neat). 7/10 https://t.co/LopTBkKa8h,,,,https://twitter.com/dog_rates/status/666407126856765440/photo/1,7,10,a,None,None,None,None,This is a southern Vesuvius bumblegruff. Can drive a truck (wow). Made friends with 5 other nifty dogs (neat). 7/10 https://t.co/LopTBkKa8h
97,2333,6.66338E+17,,,2015-11-16 19:31:45 +0000,"<a href=""http://twitter.com/download/iphone"" rel=""nofollow"">Twitter for iPhone</a>",This is an extremely rare horned Parthenon. Not amused. Wears shoes. Overall very nice. 9/10 would pet aggressively https://t.co/QpRjllzWAL,,,,https://twitter.com/dog_rates/status/666337882303524864/photo/1,9,10,an,None,None,None,None,This is an extremely rare horned Parthenon. Not amused. Wears shoes. Overall very nice. 9/10 would pet aggressively https://t.co/QpRjllzWAL
98,2334,6.66294E+17,,,2015-11-16 16:37:02 +0000,"<a href=""http://twitter.com/download/iphone"" rel=""nofollow"">Twitter for iPhone</a>",This is a funny dog. Weird toes. Won't come down. Loves branch. Refuses to eat his food. Hard to cuddle with. 3/10 https://t.co/IIXis0zta0,,,,https://twitter.com/dog_rates/status/666293911632134144/photo/1,3,10,a,None,None,None,None,This is a funny dog. Weird toes. Won't come down. Loves branch. Refuses to eat his food. Hard to cuddle with. 3/10 https://t.co/IIXis0zta0
99,2335,6.66287E+17,,,2015-11-16 16:11:11 +0000,"<a href=""http://twitter.com/download/iphone"" rel=""nofollow"">Twitter for iPhone</a>",This is an Albanian 3 1/2 legged  Episcopalian. Loves well-polished hardwood flooring. Penis on the collar. 9/10 https://t.co/d9NcXFKwLv,,,,https://twitter.com/dog_rates/status/666287406224695296/photo/1,1,2,an,None,None,None,None,This is an Albanian 3 1/2 legged  Episcopalian. Loves well-polished hardwood flooring. Penis on the collar. 9/10 https://t.co/d9NcXFKwLv
100,2345,6.66064E+17,,,2015-11-16 01:22:45 +0000,"<a href=""http://twitter.com/download/iphone"" rel=""nofollow"">Twitter for iPhone</a>",This is the happiest dog you will ever see. Very committed owner. Nice couch. 10/10 https://t.co/RhUEAloehK,,,,https://twitter.com/dog_rates/status/666063827256086533/photo/1,10,10,the,None,None,None,None,This is the happiest dog you will ever see. Very committed owner. Nice couch. 10/10 https://t.co/RhUEAloehK
101,2346,6.66059E+17,,,2015-11-16 01:01:59 +0000,"<a href=""http://twitter.com/download/iphone"" rel=""nofollow"">Twitter for iPhone</a>",Here is the Rand Paul of retrievers folks! He's probably good at poker. Can drink beer (lol rad). 8/10 good dog https://t.co/pYAJkAe76p,,,,https://twitter.com/dog_rates/status/666058600524156928/photo/1,8,10,the,None,None,None,None,Here is the Rand Paul of retrievers folks! He's probably good at poker. Can drink beer (lol rad). 8/10 good dog https://t.co/pYAJkAe76p
102,2347,6.66057E+17,,,2015-11-16 00:55:59 +0000,"<a href=""http://twitter.com/download/iphone"" rel=""nofollow"">Twitter for iPhone</a>",My oh my. This is a rare blond Canadian terrier on wheels. Only $8.98. Rather docile. 9/10 very rare https://t.co/yWBqbrzy8O,,,,https://twitter.com/dog_rates/status/666057090499244032/photo/1,9,10,a,None,None,None,None,My oh my. This is a rare blond Canadian terrier on wheels. Only $8.98. Rather docile. 9/10 very rare https://t.co/yWBqbrzy8O
103,2348,6.66056E+17,,,2015-11-16 00:49:46 +0000,"<a href=""http://twitter.com/download/iphone"" rel=""nofollow"">Twitter for iPhone</a>",Here is a Siberian heavily armored polar bear mix. Strong owner. 10/10 I would do unspeakable things to pet this dog https://t.co/rdivxLiqEt,,,,https://twitter.com/dog_rates/status/666055525042405380/photo/1,10,10,a,None,None,None,None,Here is a Siberian heavily armored polar bear mix. Strong owner. 10/10 I would do unspeakable things to pet this dog https://t.co/rdivxLiqEt
104,2349,6.66052E+17,,,2015-11-16 00:35:11 +0000,"<a href=""http://twitter.com/download/iphone"" rel=""nofollow"">Twitter for iPhone</a>",This is an odd dog. Hard on the outside but loving on the inside. Petting still fun. Doesn't play catch well. 2/10 https://t.co/v5A4vzSDdc,,,,https://twitter.com/dog_rates/status/666051853826850816/photo/1,2,10,an,None,None,None,None,This is an odd dog. Hard on the outside but loving on the inside. Petting still fun. Doesn't play catch well. 2/10 https://t.co/v5A4vzSDdc
105,2350,6.66051E+17,,,2015-11-16 00:30:50 +0000,"<a href=""http://twitter.com/download/iphone"" rel=""nofollow"">Twitter for iPhone</a>",This is a truly beautiful English Wilson Staff retriever. Has a nice phone. Privileged. 10/10 would trade lives with https://t.co/fvIbQfHjIe,,,,https://twitter.com/dog_rates/status/666050758794694657/photo/1,10,10,a,None,None,None,None,This is a truly beautiful English Wilson Staff retriever. Has a nice phone. Privileged. 10/10 would trade lives with https://t.co/fvIbQfHjIe
106,2352,6.66044E+17,,,2015-11-16 00:04:52 +0000,"<a href=""http://twitter.com/download/iphone"" rel=""nofollow"">Twitter for iPhone</a>",This is a purebred Piers Morgan. Loves to Netflix and chill. Always looks like he forgot to unplug the iron. 6/10 https://t.co/DWnyCjf2mx,,,,https://twitter.com/dog_rates/status/666044226329800704/photo/1,6,10,a,None,None,None,None,This is a purebred Piers Morgan. Loves to Netflix and chill. Always looks like he forgot to unplug the iron. 6/10 https://t.co/DWnyCjf2mx
107,2353,6.66033E+17,,,2015-11-15 23:21:54 +0000,"<a href=""http://twitter.com/download/iphone"" rel=""nofollow"">Twitter for iPhone</a>",Here is a very happy pup. Big fan of well-maintained decks. Just look at that tongue. 9/10 would cuddle af https://t.co/y671yMhoiR,,,,https://twitter.com/dog_rates/status/666033412701032449/photo/1,9,10,a,None,None,None,None,Here is a very happy pup. Big fan of well-maintained decks. Just look at that tongue. 9/10 would cuddle af https://t.co/y671yMhoiR
108,2354,6.66029E+17,,,2015-11-15 23:05:30 +0000,"<a href=""http://twitter.com/download/iphone"" rel=""nofollow"">Twitter for iPhone</a>",This is a western brown Mitsubishi terrier. Upset about leaf. Actually 2 dogs here. 7/10 would walk the shit out of https://t.co/r7mOb2m0UI,,,,https://twitter.com/dog_rates/status/666029285002620928/photo/1,7,10,a,None,None,None,None,This is a western brown Mitsubishi terrier. Upset about leaf. Actually 2 dogs here. 7/10 would walk the shit out of https://t.co/r7mOb2m0UI